<?xml version="1.0"?>
<doc>
    <assembly>
        "ProjectoBAR"
    </assembly>
    <members>
        <member name="M:cubo_solid(System.Single,System.Int32)">
            <summary>
Desenha um cubo centrado na origem.
</summary>
            <param name="lado">O comprimento do lado.</param>
        </member>
        <member name="M:plano(System.Single,System.Single,System.Int32,System.Int32)">
            <summary>
Desenha um plano centrado na origem voltado para o eixo dos yy com lados de tamanh especificado em X e Z.
</summary>
            <param name="ladoX">O comprimento do lado segundo X.</param>
            <param name="ladoZ">O comprimento do lado segundo Z.</param>
        </member>
        <member name="M:cone_wire(System.Single,System.Single,System.Int32)">
            <summary>
Desenha um cone em linhas sobre o plano xOz, centrado no eixo dos yy.
</summary>
            <param name="altura">A altura do cone.</param>
            <param name="raio">O raio da base.</param>
            <param name="div">O numero de divisões. </param>
        </member>
        <member name="M:cone_solid(System.Single,System.Single,System.Int32,System.Int32)">
            <summary>
Desenha um cone solido sobre o plano xOz, centrado no eixo dos yy.
</summary>
            <param name="altura">A altura do cone.</param>
            <param name="raio">O raio da base.</param>
            <param name="div">O numero de divisões. </param>
            <param name="fat">O numero de fatias.</param>
        </member>
        <member name="M:cilindro_solid(System.Single,System.Single,System.Int32,System.Int32)">
            <summary>
Desenha um cilindro solido centrado na origem.
</summary>
            <param name="altura">A altura do cilindro.</param>
            <param name="raio">O raio da base.</param>
            <param name="div">O numero de subdivisões.</param>
            <param name="fat">O numero de fatias.</param>
        </member>
        <member name="M:esfera_wire(System.Single,System.Int32,System.Int32)">
            <summary>
Desenha uma esfera em linhas centrada na origem.
</summary>
            <param name="raio">O raio da esfera a criar.</param>
            <param name="divv">Quantas divisões verticais tem a esfera (numero de paralelos do globo).</param>
            <param name="divh">Quantas divisões verricais tem a esfera (numero de meridianos do globo).</param>
        </member>
        <member name="M:esfera_solid(System.Single,System.Int32,System.Int32)">
            <summary>
Desenha uma esfera solida centrada na origem.
</summary>
            <param name="raio">O raio da esfera a criar.</param>
            <param name="divv">Quantas divisões verticais tem a esfera (numero de paralelos do globo).</param>
            <param name="divh">Quantas divisões verricais tem a esfera (numero de meridianos do globo).</param>
        </member>
    </members>
</doc>